Date,Tech_Close,Tech_Signal,FMCG_Close,FMCG_Signal,Banking_Close,Banking_Signal,Equity Curve,Returns,Drawdowns,Cumulative Return,Rolling Sharpe,Rolling Sortino,Rolling Volatility,Market Exposure
2024-01-01,1512.3936767578125,0,5251.4462890625,0,1907.059814453125,0,1000000.0,0.0,0.0,1.0,0.0,0.0,0.0,0.0
2024-01-02,1495.869384765625,0,5220.89453125,0,1863.0081787109375,0,1000000.0,0.0,0.0,1.0,0.0,0.0,0.0,0.0
2024-01-03,1452.5843505859375,0,5186.29443359375,0,1863.857177734375,0,1000000.0,0.0,0.0,1.0,0.0,0.0,0.0,0.0
2024-01-04,1474.7142333984375,0,5292.4130859375,0,1861.5596923828125,0,1000000.0,0.0,0.0,1.0,0.0,0.0,0.0,0.0
2024-01-05,1494.0657958984375,0,5204.6064453125,0,1845.5771484375,0,1000000.0,0.0,0.0,1.0,0.0,0.0,0.0,0.0
2024-01-08,1484.5606689453125,0,5110.8271484375,0,1824.1007080078125,0,1000000.0,0.0,0.0,1.0,0.0,0.0,0.0,0.0
2024-01-09,1490.8974609375,0,5056.5830078125,0,1824.650146484375,0,1000000.0,0.0,0.0,1.0,0.0,0.0,0.0,0.0
2024-01-10,1481.7333984375,0,5021.29248046875,0,1818.806640625,0,1000000.0,0.0,0.0,1.0,0.0,0.0,0.0,0.0
2024-01-11,1456.6787109375,0,5070.69970703125,0,1820.854248046875,0,1000000.0,0.0,0.0,1.0,0.0,0.0,0.0,0.0
2024-01-12,1572.2518310546875,0,5084.91455078125,0,1831.242919921875,0,1000000.0,0.0,0.0,1.0,0.0,0.0,0.0,0.0
2024-01-15,1610.61376953125,0,5110.8271484375,0,1849.472900390625,0,1000000.0,0.0,0.0,1.0,0.0,0.0,0.0,0.0
2024-01-16,1590.579833984375,0,5064.677734375,0,1845.976806640625,0,1000000.0,0.0,0.0,1.0,0.0,0.0,0.0,0.0
2024-01-17,1599.012451171875,0,4996.6630859375,0,1777.70166015625,0,1000000.0,0.0,0.0,1.0,0.0,0.0,0.0,0.0
2024-01-18,1601.352294921875,0,4950.7109375,0,1775.30419921875,0,1000000.0,0.0,0.0,1.0,0.0,0.0,0.0,0.0
2024-01-19,1617.535400390625,0,5072.6240234375,0,1762.368408203125,0,1000000.0,0.0,0.0,1.0,0.0,0.0,0.0,0.0
2024-01-23,1600.9136962890625,0,4983.23779296875,0,1782.5462646484375,0,1000000.0,0.0,0.0,1.0,0.0,0.0,0.0,0.0
2024-01-24,1633.32861328125,0,5076.17822265625,0,1786.6417236328125,0,1000000.0,0.0,0.0,1.0,0.0,0.0,0.0,0.0
2024-01-25,1627.186767578125,0,5075.83251953125,0,1766.4639892578125,0,1000000.0,0.0,0.0,1.0,0.0,0.0,0.0,0.0
2024-01-29,1615.000732421875,0,5070.896484375,0,1820.904296875,0,1000000.0,0.0,0.0,1.0,0.0,0.0,0.0,0.0
2024-01-30,1609.97998046875,0,5026.32666015625,0,1821.603515625,0,1000000.0,0.0,0.0,1.0,0.0,0.0,0.0,0.0
2024-01-31,1619.1927490234375,0,5131.6064453125,0,1823.251708984375,0,1000000.0,0.0,0.0,1.0,0.0,0.0,0.0,0.0
2024-02-01,1615.439453125,0,5082.4462890625,0,1820.75439453125,0,1000000.0,0.0,0.0,1.0,0.0,0.0,0.0,0.0
2024-02-02,1650.827880859375,1,5082.693359375,1,1820.9541015625,1,1000000.0,0.0,0.0,1.0,0.0,0.0,0.0,1.0
2024-02-05,1644.832275390625,0,5058.65625,-1,1806.3701171875,-1,996368.1219960806,-0.0036318780039193976,-0.0036318780039193807,0.9963681219960806,0.0,0.0,0.0,1.0
2024-02-06,1686.021240234375,0,4942.71484375,0,1785.0435791015625,0,1021318.6121842571,0.025041437634708563,0.0,1.0213186121842572,0.0,0.0,0.0,1.0
2024-02-07,1651.2178955078125,0,5013.00048828125,0,1790.637451171875,0,1000236.2539747235,-0.02064229316691446,-0.020642293166914426,1.0002362539747236,0.0,0.0,0.0,1.0
2024-02-08,1649.6092529296875,0,4812.90478515625,0,1727.8062744140625,0,999261.8080032347,-0.0009742158091317066,-0.02159639892770618,0.9992618080032347,0.0,0.0,0.0,1.0
2024-02-09,1627.4305419921875,-1,4907.6220703125,0,1740.542236328125,0,985826.9059188608,-0.013444826948024846,-0.03475086602944746,0.9858269059188608,0.0,0.0,0.0,0.0
2024-02-12,1637.91064453125,0,4906.3388671875,0,1707.6783447265625,0,985826.9059188608,0.0,-0.03475086602944746,0.9858269059188608,0.0,0.0,0.0,0.0
2024-02-13,1642.2489013671875,1,4917.59228515625,0,1735.2481689453125,0,985826.9059188608,0.0,-0.03475086602944746,0.9858269059188608,0.0,0.0,0.0,1.0
2024-02-14,1624.359619140625,-1,4946.2685546875,1,1747.03515625,0,975088.1343892593,-0.010893161329972312,-0.045265480569404694,0.9750881343892592,0.0,0.0,0.0,0.0
2024-02-15,1634.254638671875,0,4886.94091796875,-1,1737.3458251953125,0,975088.1343892593,0.0,-0.045265480569404694,0.9750881343892592,0.0,0.0,0.0,0.0
2024-02-16,1658.91943359375,1,4850.56494140625,0,1733.3502197265625,0,975088.1343892593,0.0,-0.045265480569404694,0.9750881343892592,0.0,0.0,0.0,1.0
2024-02-19,1657.067138671875,0,4861.96630859375,0,1729.5045166015625,0,973999.3830230781,-0.0011165671366344387,-0.04633150575801132,0.973999383023078,0.0,0.0,0.0,1.0
2024-02-20,1642.9312744140625,-1,4857.9189453125,0,1760.5704345703125,1,965690.5325581279,-0.008530652698322427,-0.05446692047172183,0.9656905325581278,0.0,0.0,0.0,0.0
2024-02-21,1613.9771728515625,0,4859.7451171875,0,1744.1883544921875,-1,965690.5325581279,0.0,-0.05446692047172183,0.9656905325581278,0.0,0.0,0.0,0.0
2024-02-22,1639.129150390625,1,4893.25927734375,1,1722.8616943359375,0,965690.5325581279,0.0,-0.05446692047172183,0.9656905325581278,0.0,0.0,0.0,1.0
2024-02-23,1634.7421875,-1,4872.923828125,-1,1722.112548828125,0,963105.959811587,-0.0026763985556473857,-0.056997543840088094,0.9631059598115869,0.0,0.0,0.0,0.0
2024-02-26,1618.461669921875,0,4838.916015625,0,1704.4320068359375,0,963105.959811587,0.0,-0.056997543840088094,0.9631059598115869,0.0,0.0,0.0,0.0
2024-02-27,1621.8248291015625,0,4841.3349609375,0,1704.8814697265625,0,963105.959811587,0.0,-0.056997543840088094,0.9631059598115869,0.0,0.0,0.0,0.0
2024-02-28,1629.2828369140625,0,4824.9970703125,0,1681.7567138671875,0,963105.959811587,0.0,-0.056997543840088094,0.9631059598115869,0.0,0.0,0.0,0.0
2024-02-29,1631.8663330078125,1,4901.40283203125,1,1687.600341796875,0,963105.959811587,0.0,-0.056997543840088094,0.9631059598115869,0.0,0.0,0.0,1.0
2024-03-01,1613.1483154296875,-1,4864.384765625,-1,1725.8084716796875,1,952058.833021415,-0.011470312978161923,-0.06781407715141771,0.9520588330214149,0.0,0.0,0.0,0.0
2024-03-04,1596.0877685546875,0,4776.7255859375,0,1725.3089599609375,0,952058.833021415,0.0,-0.06781407715141771,0.9520588330214149,0.0,0.0,0.0,0.0
2024-03-05,1566.1588134765625,0,4763.64599609375,0,1713.821533203125,-1,952058.833021415,0.0,-0.06781407715141771,0.9520588330214149,0.0,0.0,0.0,0.0
2024-03-06,1576.9312744140625,0,4818.0380859375,0,1757.8233642578125,1,952058.833021415,0.0,-0.06781407715141771,0.9520588330214149,0.0,0.0,0.0,1.0000000000000002
2024-03-07,1575.85888671875,0,4826.330078125,1,1746.13623046875,0,945728.937092834,-0.006648639463270101,-0.07401184526517361,0.9457289370928339,0.0,0.0,0.0,1.0
2024-03-11,1560.406982421875,0,4873.9599609375,0,1727.75634765625,-1,935774.1656764651,-0.010526030267160702,-0.08375882460894468,0.935774165676465,0.0,0.0,0.0,-9.236198263014864e-17
2024-03-12,1572.4468994140625,0,4806.5869140625,-1,1718.466552734375,0,935774.1656764651,0.0,-0.08375882460894468,0.935774165676465,0.0,0.0,0.0,0.0
2024-03-13,1570.9356689453125,0,4794.24755859375,0,1727.656494140625,1,935774.1656764651,0.0,-0.08375882460894468,0.935774165676465,0.0,0.0,0.0,1.0
2024-03-14,1611.7835693359375,1,4875.44091796875,1,1740.492431640625,0,942726.6696872306,0.007429681504126151,-0.07695144449482301,0.9427266696872305,0.0,0.0,0.0,1.0
2024-03-15,1592.96826171875,0,4910.28759765625,0,1736.39697265625,0,940508.3903434123,-0.002353046132188341,-0.07912342032817647,0.9405083903434122,0.0,0.0,0.0,1.0
2024-03-18,1562.4053955078125,-1,4916.0126953125,0,1735.997314453125,0,940291.9180163881,-0.00023016522685692653,-0.07933537409504385,0.9402919180163879,0.0,0.0,0.0,1.0
2024-03-19,1522.239990234375,0,4755.05810546875,-1,1747.7344970703125,0,946649.2884243606,0.006761060353877912,-0.07311070499361995,0.9466492884243604,0.0,0.0,0.0,1.0
2024-03-20,1515.9033203125,0,4741.18798828125,0,1763.46728515625,0,955170.8531536999,0.009001818132164718,-0.06476701613132206,0.9551708531536995,0.0,0.0,0.0,1.0
2024-03-21,1515.6595458984375,0,4744.939453125,0,1770.2098388671875,0,958822.9145413542,0.003823464017558953,-0.06119118646946586,0.9588229145413538,0.0,0.0,0.0,1.0
2024-03-22,1470.9608154296875,0,4802.490234375,1,1774.4552001953125,0,961122.3875374589,0.002398224908094493,-0.05893971178891838,0.9611223875374586,0.0,0.0,0.0,1.0
2024-03-26,1455.167724609375,0,4897.701171875,0,1751.780029296875,-1,948840.5252569531,-0.012778666317381115,-0.07096520719650627,0.9488405252569527,0.0,0.0,0.0,0.0
2024-03-27,1446.5887451171875,0,4856.9814453125,0,1773.656005859375,1,948840.5252569532,2.220446049250313e-16,-0.07096520719650616,0.948840525256953,0.0,0.0,0.0,0.4005480980386304
2024-03-28,1460.43212890625,0,4848.14599609375,0,1783.545166015625,0,950959.5592114452,0.002233287784496829,-0.06889040514236552,0.9509595592114448,-0.13967537469418886,-0.14085787519634532,0.09324816743005251,0.4018838634999864
2024-04-01,1457.8973388671875,0,4832.30224609375,-1,1788.739501953125,0,952072.593488238,0.0011704328181061374,-0.06780060391529057,0.9520725934882376,-0.13624699773541885,-0.13750886482197955,0.09332172833436285,0.4025830998460179
2024-04-02,1445.61376953125,0,4836.9912109375,1,1755.4759521484375,-1,944944.9314452161,-0.007486469090458137,-0.07477948588022247,0.9449449314452156,-0.15585954211840441,-0.16450740242542658,0.09428706545926921,0.9335683960292724
2024-04-03,1443.4691162109375,0,4772.48095703125,-1,1729.2547607421875,0,932577.7120444758,-0.013087767328224698,-0.08688855669632256,0.9325777120444754,-0.1863417087839089,-0.2038791390374498,0.09744590583304566,0.3973310028395827
2024-04-04,1449.3670654296875,0,4751.7509765625,0,1747.2349853515625,0,936430.4867851678,0.0041313176274024865,-0.08311620329481918,0.9364304867851674,-0.17411748756859566,-0.19160653489201607,0.09800964246793492,0.3998105759867891
2024-04-05,1441.9580078125,0,4751.20751953125,0,1783.195556640625,1,944136.0624235899,0.008228668061497801,-0.07557147088076632,0.9441360624235893,-0.14918076172436853,-0.1671622304664494,0.09979900625737921,0.4047090277970534
2024-04-08,1439.6181640625,0,4764.78076171875,0,1786.4420166015625,0,944831.7088465854,0.0007368073847426881,-0.07489034511384454,0.9448317088465849,-0.14716798888113763,-0.1649734504742258,0.09983931270719128,0.40514731964477313
2024-04-09,1457.3123779296875,1,4733.09375,0,1778.6505126953125,0,943162.1574313961,-0.0017670357583864371,-0.07652504695445692,0.9431621574313955,-0.15185707144785932,-0.1695917418072117,0.09983509121630012,0.9925185110183361
2024-04-10,1468.96240234375,0,4746.9140625,0,1823.950927734375,0,957305.668357388,0.014995842246799063,-0.06267676223971574,0.9573056683573874,-0.1066444560263305,-0.1252097954269743,0.10495752023504172,0.992629044701205
2024-04-12,1447.466064453125,-1,4690.6953125,0,1811.0650634765625,0,946358.1855478524,-0.011435723375920248,-0.07339573150056432,0.9463581855478519,-0.13265710399250463,-0.16153804346786174,0.10718420073170969,0.41006907184847124
2024-04-15,1431.282958984375,0,4700.71484375,0,1796.181396484375,0,943168.9363876127,-0.0033700233262032864,-0.07651840949956697,0.9431689363876122,-0.14084369188082455,-0.173531544777712,0.10728467725034971,0.4080742683253476
2024-04-16,1378.931396484375,0,4679.78759765625,0,1790.637451171875,-1,941980.9883542694,-0.0012595283702760973,-0.07768156076222993,0.9419809883542689,-0.14397182880817705,-0.1762981086013403,0.10726827628519311,0.0
2024-04-18,1383.6109619140625,0,4634.6748046875,0,1784.7938232421875,0,941980.9883542694,0.0,-0.07768156076222993,0.9419809883542689,-0.14397182880817705,-0.1762981086013403,0.10726827628519311,0.0
2024-04-19,1375.811767578125,0,4608.3173828125,0,1790.6873779296875,1,941980.9883542694,0.0,-0.07768156076222993,0.9419809883542689,-0.14397182880817705,-0.1762981086013403,0.10726827628519311,1.0
2024-04-22,1396.7718505859375,0,4692.2255859375,1,1807.9683837890625,0,951071.5639509938,0.009650487333726865,-0.06878073834670309,0.9510715639509933,-0.11781954123754156,-0.14715089156343655,0.10940741088381296,1.0
2024-04-23,1406.1796875,1,4736.15380859375,0,1811.0650634765625,0,952700.5548226559,0.001712795265263578,-0.06718575040442112,0.9527005548226555,-0.11356472430597465,-0.14197776262064649,0.10951611957374426,1.0
2024-04-24,1394.8221435546875,-1,4766.90380859375,0,1840.782470703125,0,968333.2291663864,0.016408801553223107,-0.05187938649678849,0.968333229166386,-0.07042824082659312,-0.09241851409107144,0.11495114756794605,1.0
2024-04-25,1402.3287353515625,0,4781.908203125,0,1640.6517333984375,-1,863055.5843636985,-0.10872047104416604,-0.15495950620354135,0.8630555843636981,-0.148557315906323,-0.1042330790972366,0.24812335737082256,0.0
2024-04-26,1394.3345947265625,0,4738.77001953125,0,1606.739013671875,0,863055.5843636985,0.0,-0.15495950620354135,0.8630555843636981,-0.148557315906323,-0.1042330790972366,0.24812335737082256,0.0
2024-04-29,1398.7216796875,0,4738.177734375,0,1638.6041259765625,0,863055.5843636985,0.0,-0.15495950620354135,0.8630555843636981,-0.14855731590632304,-0.1042330790972366,0.2481233573708225,0.0
2024-04-30,1384.8782958984375,0,4714.58447265625,-1,1622.1719970703125,0,863055.5843636985,0.0,-0.15495950620354135,0.8630555843636981,-0.14855731590632304,-0.1042330790972366,0.2481233573708225,0.0
2024-05-02,1378.931396484375,0,4698.49365234375,0,1573.9249267578125,0,863055.5843636985,0.0,-0.15495950620354135,0.8630555843636981,-0.14855731590632304,-0.1042330790972366,0.2481233573708225,0.0
2024-05-03,1380.735107421875,0,4683.63720703125,0,1545.006591796875,0,863055.5843636985,0.0,-0.15495950620354135,0.8630555843636981,-0.14855731590632304,-0.1042330790972366,0.2481233573708225,0.0
2024-05-06,1390.0938720703125,1,4996.564453125,1,1622.521728515625,0,863055.5843636985,0.0,-0.15495950620354135,0.8630555843636981,-0.14855731590632304,-0.1042330790972366,0.2481233573708225,1.0
2024-05-07,1404.765869140625,0,5107.3720703125,0,1642.1002197265625,1,872164.8605498038,0.010554680777393077,-0.14604037354754906,0.8721648605498034,-0.13270450802338934,-0.09169097703865953,0.24948006535937992,1.0
2024-05-08,1391.458740234375,-1,5161.22119140625,0,1646.5452880859375,0,863902.9782804562,-0.009472844691472027,-0.15412980046172062,0.8639029782804557,-0.1734604120748116,-0.11982053218978228,0.24350657075827184,0.0
2024-05-09,1403.401123046875,1,5004.955078125,0,1641.301025390625,0,863902.9782804562,0.0,-0.15412980046172062,0.8639029782804557,-0.152792017711865,-0.10217224763200121,0.2407017934342248,0.2049288216866929
2024-05-10,1389.1190185546875,-1,5001.697265625,0,1626.1676025390625,-1,862101.2951980027,-0.0020855155355982147,-0.15589387590395726,0.8621012951980023,-0.15402341768712843,-0.10310514112338419,0.24068635479711345,0.0
2024-05-13,1387.705322265625,0,5064.6279296875,0,1639.403076171875,1,862101.2951980027,0.0,-0.15589387590395726,0.8621012951980023,-0.13985887933440214,-0.09086172076525617,0.2396284616574011,0.0
2024-05-14,1388.9239501953125,0,5074.74658203125,0,1644.4976806640625,0,862101.2951980027,0.0,-0.15589387590395726,0.8621012951980023,-0.13985887933440214,-0.09086172076525617,0.2396284616574011,0.0
2024-05-15,1384.293212890625,0,4998.93359375,-1,1648.99267578125,0,862101.2951980027,0.0,-0.15589387590395726,0.8621012951980023,-0.13985887933440214,-0.09086172076525617,0.2396284616574011,0.0
2024-05-16,1416.8546142578125,1,5071.73583984375,1,1670.219482421875,0,862101.2951980027,0.0,-0.15589387590395726,0.8621012951980023,-0.12818207192698158,-0.0808371624936508,0.23897342316668976,0.5876409061094006
2024-05-17,1408.0318603515625,0,5021.4404296875,-1,1694.692626953125,0,858946.6596416798,-0.0036592400149432214,-0.1589826628101081,0.8589466596416794,-0.1322379785381018,-0.08540681130206834,0.23896502935870453,0.5861264434300731
2024-05-21,1398.13671875,-1,5111.5673828125,1,1696.3907470703125,0,855408.5845845228,-0.0041190858797134355,-0.16244688544832117,0.8554085845845223,-0.13679707717179002,-0.09042053732457003,0.23896753341670415,0.0
2024-05-22,1418.2681884765625,1,5199.7197265625,0,1697.6893310546875,0,855408.5845845228,0.0,-0.16244688544832117,0.8554085845845223,-0.13554425633243194,-0.08778319961141767,0.2389968051050632,0.5642919014516627
2024-05-23,1435.42626953125,0,5213.29296875,0,1707.178955078125,0,861248.247448097,0.006826752699016447,-0.15672911746298587,0.8612482474480965,-0.1184015050722997,-0.07476292440299477,0.239282909875486,0.5672462045924707
2024-05-24,1428.3094482421875,0,5173.36328125,0,1701.5849609375,0,858826.074662226,-0.0028123979271341693,-0.15910073074504558,0.8588260746622255,-0.12152125102863609,-0.07853385553024132,0.2392630669246524,0.5660256961599214
2024-05-27,1434.402587890625,0,5145.2783203125,0,1709.126708984375,0,860899.8427726657,0.00241465434227206,-0.15707024967312566,0.8608998427726651,-0.11878763623544067,-0.07680828381926362,0.23939098907639056,0.5670710698809287
2024-05-28,1430.2105712890625,0,5183.08642578125,0,1701.7847900390625,0,859473.1119165982,-0.001657255333526897,-0.1584671994976434,0.8594731119165976,-0.11766465288165753,-0.07601125367677287,0.23938412332860198,0.5663524050913952
2024-05-29,1414.5147705078125,-1,5162.60302734375,0,1686.0020751953125,-1,854131.1284719354,-0.006215416597210699,-0.16369767643298297,0.8541311284719348,-0.12446149396984119,-0.08244065052783445,0.23952383574273892,0.0
2024-05-30,1391.6048583984375,0,5131.75439453125,-1,1688.2496337890625,0,854131.1284719354,0.0,-0.16369767643298297,0.8541311284719348,-0.12446149396984119,-0.08244065052783445,0.23952383574273892,0.0
2024-05-31,1391.061279296875,0,5113.2451171875,0,1678.560302734375,0,854131.1284719354,0.0,-0.16369767643298297,0.8541311284719348,-0.12446149396984119,-0.08244065052783445,0.2395238357427389,0.0
2024-06-03,1390.072509765625,0,5101.3994140625,0,1716.1690673828125,1,854131.1284719354,0.0,-0.16369767643298297,0.8541311284719348,-0.12446149396984119,-0.08244065052783445,0.23952383574273892,0.0
2024-06-04,1377.9603271484375,0,5256.6787109375,1,1636.15673828125,-1,854131.1284719354,0.0,-0.16369767643298297,0.8541311284719348,-0.11216443937599566,-0.0721740094294349,0.23872748820272993,0.994398363135467
2024-06-05,1414.0,1,5416.15283203125,0,1716.218994140625,1,879898.1211603223,0.030167490481800785,-0.13846853404686704,0.8798981211603217,-0.07598931857074397,-0.050660492242522004,0.24733959301169064,0.9946826898512227
2024-06-06,1455.675537109375,0,5370.546875,0,1732.80078125,0,872532.4691537559,-0.008371028224100852,-0.14568043826431173,0.8725324691537554,-0.08480091119020586,-0.058082452048829857,0.24775598190550377,0.9946378027466718
2024-06-07,1516.3348388671875,0,5393.349609375,0,1751.780029296875,0,876221.3559563828,0.004227793157318915,-0.14206855186704184,0.8762213559563822,-0.08020721154302016,-0.05499014203915236,0.2479996961227513,0.9946603775658616
2024-06-10,1482.8658447265625,0,5417.88037109375,0,1743.7388916015625,0,880182.4026376043,0.004520600478743253,-0.13819018655188312,0.8801824026376036,-0.0682864616940969,-0.0456770805124045,0.2480178434690902,0.9946844072370505
2024-06-11,1478.910888671875,0,5446.85302734375,0,1718.116943359375,-1,884863.3565521546,0.0053181634857992766,-0.13360694107029988,0.884863356552154,-0.051477568237017,-0.033455196255699975,0.24756960681127776,0.9947125268835108
2024-06-12,1468.4796142578125,0,5369.4111328125,0,1713.87158203125,0,872349.9202986012,-0.014141659456112787,-0.14585917666482356,0.8723499202986005,-0.06619725341975027,-0.04444498644372123,0.24904073630016096,0.9946366806476759
2024-06-13,1477.131103515625,0,5310.33056640625,-1,1724.4599609375,1,862804.6396019356,-0.010942031946765352,-0.15520521284079353,0.862804639601935,-0.07757267729230423,-0.053606761043277315,0.2498405746208811,0.00012814803319618532
2024-06-14,1472.1380615234375,0,5324.34765625,0,1715.3199462890625,-1,862804.2658610655,-4.3316975018026227e-07,-0.15520557878034041,0.8628042658610648,-0.08565525953571262,-0.06015086616145351,0.2492155875689826,0.00012771491876833153
2024-06-18,1481.333251953125,0,5326.51953125,0,1717.517578125,0,862804.9541425735,7.977261300418093e-07,-0.15520490486575603,0.8628049541425729,-0.08315437284135614,-0.05719124724323788,0.24922149705446112,0.00012851254238061498
2024-06-19,1494.3353271484375,0,5291.771484375,0,1744.78759765625,1,862805.9273783093,1.1279904352790027e-06,-0.15520395194496894,0.8628059273783086,-0.08290728869997435,-0.05591821538943541,0.24922613170517147,0.016796564474503412
2024-06-20,1498.3397216796875,0,5309.34326171875,0,1764.3162841796875,0,862967.1801055113,0.00018689339292321527,-0.1550460651452198,0.8629671801055107,-0.09007996979927238,-0.06062535156630555,0.24869040241007911,0.016980284364468985
2024-06-21,1515.4449462890625,0,5261.8115234375,0,1773.7060546875,0,863045.8497842968,9.11618432299921e-05,-0.15496903758707392,0.8630458497842961,-0.09992518025135326,-0.06700542569986684,0.24778100907176506,0.01706989008505518
2024-06-24,1509.9573974609375,0,5229.68017578125,0,1770.609375,0,863019.9165822214,-3.004846391641003e-05,-0.1549944294694562,0.8630199165822207,-0.10413568655536123,-0.07112703774205695,0.24755303793632935,0.017040353657590768
2024-06-25,1524.5908203125,0,5283.2822265625,0,1779.94921875,0,863097.9897507785,9.046508320031954e-05,-0.15491798597021342,0.8630979897507778,-0.10665084923515505,-0.07281167540353586,0.24743995581705944,0.0171292691400333
2024-06-26,1523.3548583984375,0,5352.03759765625,1,1796.181396484375,0,863231.680812401,0.00015489673618751532,-0.15478708552442938,0.8632316808124002,-0.09321591041939536,-0.06177381770464837,0.24639336974440118,0.9902301066123723
2024-06-27,1555.6373291015625,0,5360.52685546875,0,1828.5458984375,0,864833.0365382053,0.00185507061591772,-0.15321915588259158,0.8648330365382045,-0.09119634698753863,-0.060453754135191023,0.24646795045069375,0.9902481968957632
2024-06-28,1549.111572265625,0,5405.1953125,0,1800.526611328125,0,871611.3108019957,0.007837668055469704,-0.1465823687106689,0.8716113108019948,-0.08496962106735323,-0.05646569127568757,0.24707885973746177,0.990324033906123
2024-07-01,1572.890869140625,0,5406.13330078125,0,1806.1204833984375,0,871806.390569964,0.00022381509458480053,-0.14639136096280161,0.8718063905699631,-0.08599462697510273,-0.057139302059180636,0.24704623231989808,0.9903261990487978
2024-07-02,1602.8004150390625,0,5332.2451171875,-1,1767.66259765625,-1,859896.601342732,-0.013661048319966618,-0.15805254982702974,0.8598966013427312,-0.09224802690396947,-0.06155772774966788,0.24800843412016838,0.017082085353397475
2024-07-03,1609.078857421875,0,5379.08544921875,1,1808.717529296875,1,860235.4409044319,0.0003940468669962893,-0.15772078307211354,0.860235440904431,-0.07822785535182773,-0.05058161661283058,0.24686009680340698,0.031079355842003924
2024-07-04,1632.067138671875,0,5356.52880859375,-1,1831.84228515625,0,860378.6571146683,0.0001664848986990819,-0.15758055630200687,0.8603786571146674,-0.08255390949223146,-0.053329221474726206,0.24663074358462647,0.017689860904562378
2024-07-05,1628.903076171875,0,5475.52978515625,1,1850.671630859375,0,860533.6093866288,0.00018009776355931706,-0.15742883844421793,0.8605336093866279,-0.09147085078436303,-0.05890683152667824,0.2458683114110519,0.12234222020755714
2024-07-08,1642.9432373046875,0,5497.00048828125,0,1851.1710205078125,0,860891.311305413,0.00041567454760915723,-0.1570786030578098,0.8608913113054122,-0.09182050538797285,-0.059129374621178704,0.2458573636987167,0.12270688862474856
2024-07-09,1638.493896484375,0,5596.01171875,0,1845.826904296875,0,862472.6331576825,0.0018368426205528365,-0.1555302891101304,0.8624726331576816,-0.0879108473381335,-0.05529338870513,0.24594519843960685,0.12431538345058905
2024-07-10,1629.694091796875,0,5681.59765625,0,1827.8466796875,-1,863729.0495080843,0.0014567608317053171,-0.15430009871174455,0.8637290495080835,-0.10342302731224975,-0.06445412986858348,0.24369190971308488,0.10814751346238974
2024-07-11,1634.093994140625,0,5687.27392578125,0,1842.4805908203125,1,863822.5795292901,0.00010828629795311961,-0.15420852100025473,0.8638225795292893,-0.0912009488906033,-0.05495261440931568,0.24286038062651655,0.108437271368111
2024-07-12,1692.479248046875,0,5712.69287109375,0,1830.8433837890625,-1,864243.2584096165,0.0004869968559466642,-0.15379662320919543,0.8642432584096158,-0.08700093618758621,-0.05094858610812895,0.2428551515255254,0.10867936897193767
2024-07-15,1687.8321533203125,0,5735.05224609375,0,1841.53173828125,1,864610.0370546591,0.00042439283323725263,-0.15343750056062436,0.8646100370546584,-0.08515722822342807,-0.04850355002414951,0.24288134194832897,0.10909998985505336
2024-07-16,1706.6182861328125,0,5787.025390625,0,1803.3236083984375,-1,865464.046086521,0.0009877389751005161,-0.15260131778506963,0.8654640460865204,-0.08407069234131564,-0.04789070725512421,0.24291188914872405,0.10993751002881484
2024-07-18,1738.258056640625,0,5796.05810546875,0,1824.75,0,865614.725738972,0.00017410272920326264,-0.1524537833617728,0.8656147257389714,-0.0838796366727863,-0.04778268519529921,0.2429160193641593,0.11009244536281568
2024-07-19,1772.7650146484375,0,5802.42529296875,0,1821.5999755859375,0,865721.853770344,0.00012375948350529242,-0.15234889147975472,0.8657218537703434,-0.09465781308109544,-0.053693544665926206,0.24188434077425192,0.11020256623364309
2024-07-22,1790.4635009765625,0,5812.19775390625,0,1757.550048828125,0,865883.6360379745,0.00018687557317154102,-0.15219048619300052,0.8658836360379738,-0.09635226194380761,-0.054640301727240666,0.2418206137437104,0.11036881657095758
2024-07-23,1816.2203369140625,0,5868.36669921875,0,1768.9000244140625,0,866807.8217882619,0.0010673325049959104,-0.1512855915408695,0.8668078217882612,-0.11444796085372001,-0.06415891809192832,0.23905130418719409,0.11131733646437553
2024-07-24,1813.303466796875,0,5754.59765625,-1,1746.199951171875,0,864939.5892751429,-0.0021553018629489884,-0.15311482728653314,0.8649395892751423,0.00918904265927425,0.011270548630888506,0.0909299624387405,0.0001569242602178844
2024-07-25,1804.305908203125,0,5754.6962890625,0,1775.1500244140625,0,864938.91578684,-7.786535743958822e-07,-0.1531154867167,0.8649389157868395,0.009186776850693818,0.011130086565602892,0.09092996434556593,0.00015614572822680463
2024-07-26,1857.7474365234375,0,5797.3408203125,1,1813.8499755859375,1,864942.916010216,4.624862291358056e-06,-0.15311156999244938,0.8649429160102154,0.00920023470815791,0.011146389890365725,0.09092995359015639,0.2480270749047606
2024-07-29,1850.0352783203125,0,5821.82275390625,0,1793.9000244140625,0,865847.6998184933,0.0010460618747545336,-0.1522256722936477,0.8658476998184927,0.012240915597046915,0.01483391297575783,0.09095225466292599,0.248812863129447
2024-07-30,1856.0172119140625,0,5767.134765625,-1,1786.0999755859375,-1,863825.7429356676,-0.0023352338791794436,-0.15420542362560613,0.863825742935667,0.005439995892986033,0.00673674530196979,0.09108353621750055,0.00016082784060445068
2024-07-31,1847.21728515625,0,5710.12646484375,0,1807.9000244140625,1,863825.0842405698,-7.625323777959991e-07,-0.15420606857135558,0.8638250842405693,0.005437780858833066,0.006706119496576309,0.09108353732818644,0.0002314945999563903
2024-08-01,1831.7435302734375,0,5656.52392578125,0,1792.6500244140625,-1,863823.4055224578,-1.9433542075564247e-06,-0.15420771224855095,0.8638234055224572,0.005432135724024,0.006698055115336671,0.0910835402097149,0.00015872490393264432
2024-08-02,1800.697021484375,-1,5646.85009765625,0,1803.449951171875,1,863821.0816186679,-2.690253326109726e-06,-0.15420998764406627,0.8638210816186673,-0.025985941271981772,-0.03119777022166217,0.0884493522051667,0.0
2024-08-05,1732.17724609375,0,5697.89990234375,0,1773.6500244140625,-1,863821.0816186679,0.0,-0.15420998764406627,0.8638210816186673,0.0024076980389511663,0.0028458959114029403,0.086322890531398,0.0
2024-08-06,1731.38623046875,0,5854.5,1,1770.550048828125,0,863821.0816186679,0.0,-0.15420998764406627,0.8638210816186673,0.0024076980389511663,0.0028458959114029403,0.086322890531398,1.0000000000000002
2024-08-07,1771.479736328125,0,5836.7998046875,0,1776.550048828125,0,861209.4492231251,-0.0030233487595012765,-0.1567671058287211,0.8612094492231245,-0.0004660813898903027,-0.0005536765165702339,0.08643961075250144,1.0000000000000002
2024-08-08,1723.5257568359375,0,5744.64990234375,-1,1772.75,0,847612.8947242553,-0.015787744213832,-0.1700798510745865,0.8476128947242546,-0.04574101361010327,-0.051356963903699794,0.09220023904847226,0.0
2024-08-09,1750.81494140625,0,5740.2998046875,0,1769.6500244140625,0,847612.8947242553,0.0,-0.1700798510745865,0.8476128947242546,-0.045741013610103264,-0.051356963903699794,0.09220023904847227,0.0
2024-08-12,1777.1650390625,1,5645.75,0,1772.550048828125,0,847612.8947242553,0.0,-0.1700798510745865,0.8476128947242546,-0.045741013610103264,-0.051356963903699794,0.09220023904847227,1.0
2024-08-13,1777.21435546875,0,5666.5,0,1752.050048828125,0,847636.4160185303,2.775004299881978e-05,-0.17005682075476825,0.8476364160185296,-0.04566120803477008,-0.0512675563544662,0.0922005921240739,1.0
2024-08-14,1802.7239990234375,0,5659.14990234375,0,1747.9000244140625,0,859803.1548084059,0.014353723554049846,-0.15814404579431288,0.8598031548084051,0.005754805701869403,0.0065948238704772715,0.09657872198801523,1.0
2024-08-16,1838.02197265625,0,5729.64990234375,1,1777.300048828125,1,876638.4047436577,0.01958035376016176,-0.1416602083958669,0.8766384047436567,0.06562276611548128,0.07874503056340995,0.10401990854565825,1.0
2024-08-19,1843.8062744140625,0,5732.5,0,1781.3499755859375,0,879397.2080338036,0.0031470253587082553,-0.13895899130530026,0.8793972080338026,0.07352695616285304,0.08835012010959552,0.10416178196956785,1.0
2024-08-20,1851.122802734375,0,5765.7998046875,0,1805.6500244140625,0,882886.8016351855,0.003968165431391446,-0.13554223813958755,0.8828868016351845,0.06663118391229585,0.07962537736001875,0.103590950517933,1.0
2024-08-21,1851.6171875,0,5837.35009765625,0,1812.949951171875,0,883122.5967881895,0.0002670729164455654,-0.1353113648839835,0.8831225967881885,0.07465236992915246,0.08671623573204666,0.1033743347346156,1.0
2024-08-22,1859.082275390625,0,5836.7998046875,0,1821.5,0,886683.0453775234,0.00403165834764363,-0.13182523573010532,0.8866830453775223,0.07865488667596154,0.0915235687258089,0.10355310990485053,1.0
2024-08-23,1841.1365966796875,0,5792.64990234375,0,1818.0,0,878123.9142075824,-0.009652977142803998,-0.14020570688556186,0.8781239142075812,0.0571443598560018,0.06720971879354798,0.10551328239082335,1.0
2024-08-26,1855.0284423828125,0,5796.9501953125,0,1812.5,0,884749.5833439166,0.007545255321184552,-0.13371833942031597,0.8847495833439153,0.09156834281672412,0.1044428673512138,0.10560659129549481,1.0
2024-08-27,1878.708740234375,0,5764.2998046875,-1,1803.3499755859375,-1,896043.8218466523,0.012765463488605633,-0.12265985251133744,0.8960438218466511,0.12031513582394986,0.1409206150089686,0.10844558036884032,1.0
2024-08-28,1917.2696533203125,0,5703.35009765625,0,1791.300048828125,0,914435.3197917299,0.020525221531213278,-0.10465225162590525,0.9144353197917287,0.15987345895312566,0.19957213614671734,0.1155795841923435,1.0
2024-08-29,1911.58447265625,0,5831.39990234375,1,1777.25,0,911723.7919742357,-0.0029652483437667687,-0.10730718005386682,0.9117237919742344,0.1527128273120903,0.19635105587295484,0.11586175995366339,1.0
2024-08-30,1921.81787109375,0,5855.25,0,1780.800048828125,0,916604.5769783406,0.0053533592597558854,-0.10252827468009065,0.9166045769783394,0.16451982137963786,0.21206890123243116,0.11615586807495606,1.0
2024-09-02,1942.3837890625,0,5922.14990234375,0,1780.25,0,926413.4224592025,0.010701283549333196,-0.09292417526993302,0.9264134224592012,0.13740768803594983,0.1549147265443601,0.10159306670623278,1.0
2024-09-03,1919.3955078125,0,5916.0498046875,0,1783.800048828125,0,915449.2389496468,-0.011835087061293659,-0.10365949662680808,0.9154492389496456,0.12644877538795607,0.14028774058384116,0.10314978975128158,1.0
2024-09-04,1900.80712890625,-1,5926.5498046875,0,1783.800048828125,0,906583.5740808008,-0.009684496410765742,-0.11234010301454969,0.9065835740807995,0.08909952694886443,0.10220701895739219,0.10507708715985502,0.0
2024-09-05,1911.38671875,1,5850.0,-1,1777.949951171875,0,906583.5740808008,0.0,-0.11234010301454969,0.9065835740807995,0.07794634069203397,0.08915004780054078,0.10476797527967655,0.8307283313523176
2024-09-06,1880.4390869140625,-1,5843.5498046875,0,1764.1500244140625,0,894389.5871355232,-0.013450482993408786,-0.12427955736288347,0.894389587135522,0.029622364387820094,0.03426022379523173,0.10804550068775029,0.0
2024-09-09,1873.3201904296875,0,5939.4501953125,1,1790.1500244140625,1,894389.5871355232,0.0,-0.12427955736288347,0.894389587135522,0.06681290301351851,0.07655204106068492,0.1039035019193272,0.000652120604525861
2024-09-10,1890.771484375,0,5969.89990234375,0,1791.5999755859375,0,894390.0595450045,5.281920631983184e-07,-0.12427909481429612,0.8943900595450033,0.09719124359384892,0.10821515749811879,0.10121512510921717,0.0006526484518652746
2024-09-11,1888.6456298828125,0,6008.64990234375,0,1789.25,0,894389.2938980164,-8.56054894526892e-07,-0.12427984447946322,0.8943892938980151,0.0971901277245193,0.108214387756912,0.10121513599469821,0.0006517929549413257
2024-09-12,1928.491943359375,1,6109.25,0,1827.449951171875,0,894401.7398475547,1.391558421270922e-05,-0.12426765832189222,0.8944017398475533,0.09722473787186565,0.10825256717800395,0.10121480262534069,0.6166409758209278
2024-09-13,1922.21337890625,0,6133.10009765625,0,1820.3499755859375,0,892605.7735326361,-0.0020080085211201526,-0.12602613632620238,0.8926057735326347,0.09185139029154667,0.10455334924412008,0.10134865752709844,0.6158696387823819
2024-09-16,1928.294189453125,0,6063.0,0,1831.300048828125,0,894346.5001418757,0.0019501628387976755,-0.12432174497518533,0.8943465001418743,0.09642199325237637,0.10979299488999791,0.10138280710789126,0.6166172974818706
2024-09-17,1930.568359375,0,6111.0498046875,0,1846.6500244140625,0,895001.1835729799,0.0007320243675132954,-0.12368072715440556,0.8950011835729784,0.09809981285718394,0.11169735076868895,0.10137724364190005,0.6168977376731434
2024-09-18,1870.8482666015625,-1,6123.25,0,1839.699951171875,0,877938.1517884961,-0.019064814770820337,-0.14038759177130677,0.8779381517884947,0.04504069589263479,0.04878632479491497,0.10898949806901964,0.0006827289246674066
2024-09-19,1872.8751220703125,0,6134.5,0,1871.949951171875,0,877948.659180791,1.1968260262396058e-05,-0.14037730370628027,0.8779486591807896,0.044849822243055955,0.04857992490660446,0.10899027657917221,0.0006946888707126953
2024-09-20,1884.295166015625,0,6210.5498046875,0,1904.5,0,877959.2643321789,1.207946646641922e-05,-0.14036691992274655,0.8779592643321774,0.04450263002218999,0.048204400555223285,0.10899150523279483,0.0007067597998978426
2024-09-23,1875.099853515625,0,6211.2001953125,0,1934.699951171875,0,877969.1037968068,1.1207199499541076e-05,-0.14035728584332166,0.8779691037968053,0.04004346909876606,0.0433561380528095,0.10894581128910837,0.0007179589530883124
2024-09-24,1877.2255859375,0,6203.14990234375,0,1914.699951171875,0,877962.5875845308,-7.421915244831823e-06,-0.14036366603868697,0.8779625875845293,0.0212109859346953,0.02278818739613309,0.10781924646467392,0.0007105423114282999
2024-09-25,1873.962890625,0,6180.2998046875,0,1897.949951171875,0,877957.1302567498,-6.215900151262943e-06,-0.1403690094523053,0.8779571302567483,0.020646461027166003,0.022290705690608894,0.10781954528341564,0.0007043307893267342
2024-09-26,1878.8570556640625,0,6254.10009765625,0,1902.300048828125,0,877958.5475647373,1.6143248213751349e-06,-0.14036762172866005,0.8779585475647358,0.05617263168286004,0.0597454446979423,0.103981113670185,0.000705943974525213
2024-09-27,1885.283935546875,1,6268.7998046875,0,1872.449951171875,-1,877948.8220860979,-1.107737793126784e-05,-0.14037714420139613,0.8779488220860965,0.05514030989239803,0.0591976683627914,0.10398394588535445,0.5085127246312928
2024-09-30,1854.484619140625,-1,6338.14990234375,0,1853.949951171875,0,870659.2719638216,-0.008302932857698453,-0.1475145350560349,0.8706592719638202,0.03311929112695288,0.03670529222178209,0.10546450626825067,0.0006937691827242932
2024-10-01,1882.910888671875,1,6446.0498046875,0,1879.4000244140625,1,870667.5638678059,9.523707208192178e-06,-0.14750641623406757,0.8706675638678045,0.03269111726154572,0.036231046603753175,0.10546534723032167,0.4494980736558799
2024-10-03,1872.084228515625,-1,6331.75,0,1822.800048828125,-1,868402.3204489828,-0.002601731720382583,-0.14972437583237402,0.8684023204489815,0.02508481410847656,0.02841988966326067,0.1056196535052426,0.0006838853245259155
2024-10-04,1896.5555419921875,1,6206.0,-1,1809.0,0,868397.8242466036,-5.177556845814557e-06,-0.1497287781827527,0.8683978242466023,0.020481449065190987,0.02337182476766364,0.10556365604615796,0.5429401206397244
2024-10-07,1912.5238037109375,0,6120.2998046875,0,1790.25,0,872356.4990170075,0.004558595910622243,-0.14585273526805678,0.8723564990170061,0.02816207362784201,0.032243083421340704,0.10591425569496839,0.5450142169696379
2024-10-08,1926.6134033203125,0,6204.39990234375,0,1803.4000244140625,0,875859.1113131838,0.004015115724045337,-0.1424232351547813,0.8758591113131824,0.03781966113433348,0.04341662858827541,0.10619912644041432,0.5468337319779801
2024-10-09,1930.7659912109375,0,6097.25,0,1800.800048828125,0,876889.3165066575,0.001176222499905455,-0.14141453406857427,0.8768893165066561,0.039530925162768904,0.045387816224866505,0.1062147400437146,0.5473661301199522
2024-10-10,1897.39599609375,-1,6002.14990234375,0,1876.0999755859375,1,868628.3637438075,-0.00942074741628729,-0.1495030508784095,0.8686283637438061,0.014756200566564376,0.017369549813689822,0.1080215506953308,0.0007036994301649729
2024-10-11,1913.314697265625,1,5978.5,0,1882.4000244140625,0,868630.4163665832,2.3630621117654016e-06,-0.14950104110129278,0.8686304163665817,0.01234450199156794,0.01452865883640346,0.1080061153632744,0.6741720941790085
2024-10-14,1936.8468017578125,0,5978.0498046875,0,1910.800048828125,0,875834.57482793,0.008293698131687899,-0.14244725947487213,0.8758345748279285,0.03185657989586777,0.0379378826809057,0.10928746072954407,0.676852184611753
2024-10-15,1937.2423095703125,0,6068.7001953125,0,1895.199951171875,0,875950.4180672772,0.00013226611814221023,-0.14233383430278065,0.8759504180672757,0.0318771824076192,0.03796240775937426,0.10928743085803237,0.6768949204663749
2024-10-16,1898.483642578125,-1,6090.10009765625,1,1876.3499755859375,0,864093.8726099666,-0.01353563536560809,-0.15394289078707743,0.8640938726099651,-0.0013018782966289328,-0.0015634083152847892,0.11280606090150427,0.0007074864856969574
2024-10-17,1945.9432373046875,1,5988.5,-1,1864.050048828125,-1,864089.8651632799,-4.637744594249149e-06,-0.1539468145838621,0.8640898651632785,-0.0038168175505123494,-0.004605513056735029,0.11278412605434213,0.7253882362051965
2024-10-18,1858.4395751953125,-1,5887.2001953125,0,1871.050048828125,1,835933.9727053022,-0.03258444936471672,-0.1815149917639115,0.8359339727053007,-0.0648800389166919,-0.06719674964366945,0.13072236489209907,0.0007292537266815484
2024-10-21,1831.891845703125,0,5778.2998046875,0,1789.199951171875,-1,835907.3050747454,-3.190159920218871e-05,-0.18154110274459725,0.835907305074744,-0.06494328753415599,-0.06727025192281573,0.1307218467256735,0.0
2024-10-22,1830.7547607421875,0,5727.0,0,1763.1500244140625,0,835907.3050747454,0.0,-0.18154110274459725,0.835907305074744,-0.06495268770565808,-0.06727994782969508,0.1307217669101741,0.0
2024-10-23,1852.309326171875,0,5748.85009765625,0,1767.800048828125,0,835907.3050747454,0.0,-0.18154110274459725,0.835907305074744,-0.06708827139777607,-0.06947299010613593,0.1306859139077125,0.0
2024-10-24,1842.3724365234375,0,5612.39990234375,0,1762.199951171875,0,835907.3050747454,0.0,-0.18154110274459725,0.835907305074744,-0.06238330889810573,-0.06359509530033149,0.13063826517554813,0.0
2024-10-25,1841.087158203125,0,5669.39990234375,0,1768.8499755859375,0,835907.3050747454,0.0,-0.18154110274459725,0.835907305074744,-0.06238175857419546,-0.06312733840216458,0.1306382777516968,0.0
2024-10-28,1844.3499755859375,0,5722.2998046875,0,1749.8499755859375,0,835907.3050747454,0.0,-0.18154110274459725,0.835907305074744,-0.062377807511123484,-0.06270886033772058,0.13063830976437635,0.0
2024-10-29,1839.300048828125,0,5667.5,0,1760.199951171875,0,835907.3050747454,0.0,-0.18154110274459725,0.835907305074744,-0.062372337936282586,-0.06235595586585861,0.13063835404499768,0.0
2024-10-30,1802.0999755859375,0,5782.5,1,1734.5999755859375,0,835907.3050747454,0.0,-0.18154110274459725,0.835907305074744,-0.062372337936282586,-0.06235595586585861,0.13063835404499768,0.0
2024-10-31,1757.25,0,5726.89990234375,-1,1731.0999755859375,0,835907.3050747454,0.0,-0.18154110274459725,0.835907305074744,-0.062372337936282586,-0.06235595586585861,0.13063835404499768,0.0
2024-11-01,1760.8499755859375,0,5693.0498046875,0,1744.4000244140625,0,835907.3050747454,0.0,-0.18154110274459725,0.835907305074744,-0.05629219293990304,-0.055259191363842934,0.13053882408442874,0.0
2024-11-04,1763.6500244140625,0,5625.2001953125,0,1729.3499755859375,0,835907.3050747454,0.0,-0.18154110274459725,0.835907305074744,-0.025041807853492814,-0.023859473540218057,0.12663910668161107,0.0
2024-11-05,1754.199951171875,0,5605.10009765625,0,1757.1500244140625,1,835907.3050747454,0.0,-0.18154110274459725,0.835907305074744,-0.025041807853492814,-0.023859473540218057,0.12663910668161107,1.0
2024-11-06,1823.699951171875,1,5694.89990234375,1,1762.5999755859375,0,838499.9431156493,0.003101585576730903,-0.1790025824337228,0.8384999431156478,-0.018536008468289754,-0.017685565904865704,0.12681639467735356,1.0
2024-11-07,1803.050048828125,0,5688.89990234375,0,1746.9000244140625,-1,831031.1990177949,-0.008907268460988105,-0.1863154268377636,0.8310311990177934,-0.03681647280859857,-0.0363511426569332,0.12805826028742387,0.0
2024-11-08,1829.949951171875,0,5747.14990234375,0,1745.800048828125,0,831031.1990177949,0.0,-0.1863154268377636,0.8310311990177934,-0.06840909507667431,-0.06563187188084174,0.12443216416510462,0.0
2024-11-11,1860.0999755859375,0,5434.64990234375,-1,1744.0,0,831031.1990177949,0.0,-0.1863154268377636,0.8310311990177934,-0.11673796008148368,-0.10557461108720424,0.11729489193245295,0.0
2024-11-12,1868.800048828125,0,5027.5498046875,0,1721.4000244140625,0,831031.1990177949,0.0,-0.1863154268377636,0.8310311990177934,-0.12413050382474396,-0.11199435276901412,0.11701709581035918,0.0
2024-11-13,1868.4000244140625,0,5046.5,0,1687.8499755859375,0,831031.1990177949,0.0,-0.1863154268377636,0.8310311990177934,-0.13358008967783336,-0.12008917061016337,0.11659873103749932,0.0
2024-11-14,1864.550048828125,0,4915.60009765625,0,1707.9000244140625,0,831031.1990177949,0.0,-0.1863154268377636,0.8310311990177934,-0.13419847439685587,-0.1206339832310861,0.11658798559755364,0.0
2024-11-18,1811.449951171875,-1,4911.35009765625,0,1722.75,0,831031.1990177949,0.0,-0.1863154268377636,0.8310311990177934,-0.14389265347822489,-0.12885832278703058,0.11614634890743514,0.0
2024-11-19,1824.75,0,4892.7001953125,0,1727.75,1,831031.1990177949,0.0,-0.1863154268377636,0.8310311990177934,-0.123340735782404,-0.10665512977348379,0.11479312615705546,1.0
2024-11-21,1834.050048828125,0,4803.35009765625,0,1737.0999755859375,0,835528.447706534,0.005411648436369543,-0.18191205198971208,0.8355284477065323,-0.12890756485629543,-0.11090741859288455,0.11421492587084649,1.0
2024-11-22,1902.25,1,4848.35009765625,0,1761.449951171875,0,847240.5527027635,0.014017601708689265,-0.17044442097182505,0.8472405527027619,-0.12528640354195159,-0.10841190107674772,0.11487186896295597,1.0
2024-11-25,1889.699951171875,0,4903.9501953125,0,1790.75,0,861333.5955092555,0.016634051287481633,-0.15664555092445387,0.8613335955092539,-0.13761660911727105,-0.11616702215344019,0.1120605303881778,1.0
2024-11-26,1924.1500244140625,0,5013.60009765625,1,1783.5999755859375,0,857894.5022597548,-0.003992754105298091,-0.16001285786322164,0.8578945022597532,-0.13992243856526435,-0.11854746344416196,0.11215672654356931,1.0
2024-11-27,1924.5,0,4984.14990234375,0,1783.199951171875,0,857702.0943486249,-0.00022427922153955837,-0.1602012495255633,0.8577020943486233,-0.15411657009578764,-0.1308404922468497,0.11140234370162751,1.0
2024-11-28,1856.6500244140625,-1,4923.64990234375,-1,1759.199951171875,-1,846158.3242566399,-0.013458950570421346,-0.17150405939730035,0.8461583242566383,-0.21133020781122552,-0.18119636290535043,0.11148971302186066,1.0
2024-11-29,1857.8499755859375,0,4941.14990234375,0,1765.25,1,849068.3397865215,0.003439091061874233,-0.16865478641317444,0.8490683397865197,-0.17770831347123092,-0.14773849436628272,0.1098427876611593,1.0
2024-12-02,1879.800048828125,1,4907.25,0,1753.949951171875,-1,843633.1245490182,-0.006401387241538048,-0.1739765490567428,0.8436331245490164,-0.1711436368694118,-0.14158752804229424,0.10898066585782272,1.0
2024-12-03,1892.0999755859375,0,4909.60009765625,0,1749.9000244140625,0,841685.1485747863,-0.002309032110697773,-0.17588386372916018,0.8416851485747844,-0.17675505555155904,-0.14884669999541014,0.10897713741011525,1.0
2024-12-04,1889.25,0,4851.5498046875,0,1757.5,0,845340.6640276513,0.004343091308020464,-0.1723046521009229,0.8453406640276494,-0.13658787856814658,-0.11181343509860708,0.10655793819844768,1.0
2024-12-05,1934.8499755859375,0,4872.0,0,1775.1500244140625,1,853830.1566923955,0.010042688144558998,-0.16399236584327018,0.8538301566923935,-0.10930089317482874,-0.09140099053722305,0.10885068589131686,1.0
2024-12-06,1922.4000244140625,0,4870.85009765625,0,1776.949951171875,0,854695.9042205038,0.0010139575433387726,-0.16314468959632825,0.8546959042205019,-0.10678975078419804,-0.08934112666890211,0.10889948615605925,1.0
2024-12-09,1923.6500244140625,0,4793.0,0,1786.25,0,859169.1386170083,0.005233714557909552,-0.15876482777540457,0.8591691386170064,-0.09350097147757923,-0.07786747714431032,0.10956476300805773,1.0
2024-12-10,1948.550048828125,0,4787.25,0,1794.699951171875,0,863233.4841843677,0.0047305534902029045,-0.154785319795356,0.8632334841843657,-0.08171070663407143,-0.0683821866918026,0.11010193228281,1.0
2024-12-11,1974.1500244140625,0,4889.5,1,1794.699951171875,0,863233.4841843677,0.0,-0.154785319795356,0.8632334841843657,-0.07690975510152749,-0.06313768831523275,0.11006715025541289,1.0
2024-12-12,1987.0,0,4828.35009765625,-1,1768.699951171875,-1,850727.733251384,-0.01448710130237807,-0.16703003048973777,0.8507277332513821,-0.11287575409127544,-0.09607510406487614,0.11352419294304722,1.0
2024-12-13,1999.699951171875,0,4850.10009765625,0,1805.6500244140625,1,868500.3645176264,0.0208910919105898,-0.14962837829793774,0.8685003645176244,-0.06143412491155552,-0.05608604037136567,0.12176523973648096,1.0
2024-12-16,1980.050048828125,0,4846.5,0,1804.449951171875,0,867923.1407842366,-0.000664621175732405,-0.15019355328496284,0.8679231407842346,-0.022608101684590064,-0.020514612564383,0.11554739763190444,1.0
2024-12-17,1976.5999755859375,0,4776.75,0,1784.050048828125,-1,858110.98317777,-0.011305330098239419,-0.15980089568468828,0.8581109831777681,-0.04761715667793709,-0.0447142849287189,0.11774291879592928,0.0
2024-12-18,1979.1500244140625,0,4782.64990234375,0,1780.0,0,858110.98317777,0.0,-0.15980089568468828,0.8581109831777681,-0.047644362586223885,-0.0447397734596886,0.11774276396908866,0.0
2024-12-19,1946.199951171875,-1,4785.75,0,1762.0999755859375,0,858110.98317777,0.0,-0.15980089568468828,0.8581109831777681,-0.04766960396117244,-0.04476342144549341,0.11774262041899956,0.0
2024-12-20,1922.1500244140625,0,4698.10009765625,0,1743.550048828125,0,858110.98317777,0.0,-0.15980089568468828,0.8581109831777681,-0.04765288896690478,-0.044389788402488126,0.11774271302674058,0.0
2024-12-23,1924.300048828125,0,4704.35009765625,0,1745.3499755859375,0,858110.98317777,0.0,-0.15980089568468828,0.8581109831777681,-0.047638890031660865,-0.04408054525517908,0.11774279069474748,0.0
2024-12-24,1909.050048828125,0,4744.10009765625,0,1749.050048828125,0,858110.98317777,0.0,-0.15980089568468828,0.8581109831777681,-0.04764252576880699,-0.04408390178834793,0.11774277030043509,0.0
2024-12-26,1907.4000244140625,0,4761.64990234375,1,1752.800048828125,0,858110.98317777,0.0,-0.15980089568468828,0.8581109831777681,-0.04761757866054857,-0.04384724203187712,0.11774290770596965,1.0
2024-12-27,1916.75,0,4769.2998046875,0,1759.9000244140625,1,859489.5946582524,0.0016065654763874893,-0.15845106081040355,0.8594895946582505,-0.025587879393367423,-0.022652460173213002,0.11664996940873436,1.0
2024-12-30,1906.0,0,4799.4501953125,0,1740.699951171875,-1,864923.0855433504,0.006321764590132561,-0.1531309865257711,0.8649230855433484,-0.011199215009332771,-0.009978012726430598,0.11739781656123052,1.0
2024-12-31,1880.0,0,4762.75,-1,1786.050048828125,1,858309.2350234026,-0.007646749902383454,-0.15960678207188672,0.8583092350234006,-0.022397492949434578,-0.020344868204424903,0.11829671036015066,0.0
